t,d,Az_tx,El_tx,Az_rx,El_rx,Lfs,Gt,Gr,Gtotal_actual,Pr,Margin,Margin_omni_ref,G_total_required
0,2564.87523225888,-65,12.9140854622526,148.306655613385,-17.4586378488742,114.521212076768,-1.65453647978,0.929198411961957,-0.725338067818042,-95.2465501445857,-5.24655014458565,-4.52121207676761,7.52121207676761
1,2608.1560175219,-64.4166666666667,12.8017641285294,148.378429111514,-17.3999193875173,114.666558539315,-1.64213784113318,0.929733731498437,-0.712404109634746,-95.3789626489501,-5.37896264895005,-4.6665585393153,7.6665585393153
2,2651.46016518453,-63.8333333333333,12.6956561021394,147.919869494547,-17.3667410565198,114.809589336186,-1.6262875448303,0.926471604187495,-0.699815940642804,-95.5094052768289,-5.50940527682889,-4.80958933618608,7.80958933618608
3,2694.77360857953,-63.25,12.5954540270049,147.457945810999,-17.3349760852071,114.950332908824,-1.60706707505077,0.923278088646359,-0.683788986404415,-95.6341218952283,-5.63412189522833,-4.95033290882391,7.95033290882391
4,2738.08236858074,-62.6666666666667,12.5008661633129,146.992620202066,-17.3043492788648,115.088817374411,-1.58455853652321,0.920155047181908,-0.664403489341307,-95.753220863752,-5.75322086375201,-5.0888173744107,8.0888173744107
5,2781.37255647821,-62.0833333333333,12.4116154726769,146.523859151259,-17.2745997173956,115.225070504526,-1.55888614273487,0.917109191405283,-0.641776951329588,-95.8668474558553,-5.86684745585535,-5.22507050452576,8.22507050452576
6,2824.630377257,-61.5,12.3274387608573,146.051633542729,-17.2454800821898,115.3591197083,-1.53012554984871,0.914139434086882,-0.615986115761824,-95.975105824062,-5.97510582406197,-5.35911970830014,8.35911970830014
7,2867.84213324342,-60.9166666666667,12.2480858743043,145.57591872533,-17.2167560413421,115.490992019492,-1.49812025402966,0.911247133268076,-0.586873120761582,-96.0778651402535,-6.07786514025346,-5.49099201949188,8.49099201949188
8,2910.99422808461,-60.3333333333333,12.1733189470122,145.09669458189,-17.1882056896391,115.620714086978,-1.46325505376259,0.908435244577511,-0.554819809185076,-96.175533896163,-6.17553389616299,-5.62071408697791,8.62071408697791
9,2954.07317102992,-59.75,12.1029116943887,144.613945603165,-17.1596190399132,115.748312168218,-1.42565237280949,0.905706912628733,-0.519945460180754,-96.2682576283988,-6.26825762839879,-5.74831216821804,8.74831216821804
10,2997.06558148425,-59.1666666666667,12.0366487510525,144.127660965912,-17.1307975625223,115.873812125301,-1.38542969815324,0.903065430440575,-0.482364267712667,-96.3561763930135,-6.35617639301351,-5.87381212530084,8.87381212530084
11,3039.95819380572,-58.5833333333333,11.9743250496664,143.637834614553,-17.1015537698567,115.997239423228,-1.34271808402412,0.900514198697002,-0.442203885327122,-96.4394433085548,-6.43944330855479,-5.99723942322767,8.99723942322767
12,3082.73786232165,-58,11.9157452381062,143.144465345853,-17.0717108429064,116.118619130132,-1.29764367637945,0.898056684926933,-0.399586991452513,-96.518206121585,-6.518206121585,-6.11861913013249,9.11861913013249
13,3125.39156653837,-57.4166666666667,11.8607231324382,142.647556896035,-17.0411022970402,116.237975919173,-1.25013596783828,0.89569638271163,-0.354439585126647,-96.5924155042992,-6.59241550429918,-6.23797591917254,9.23797591917254
14,3167.90641652206,-56.8333333333333,11.8090812033522,142.147118029764,-17.0095716842499,116.355334071856,-1.20054234879528,0.893436771053177,-0.307105577742103,-96.6624396495981,-6.66243964959814,-6.35533407185603,9.35533407185603
15,3210.26965842899,-56.25,11.7606500938481,141.643162630402,-16.9769723292015,116.470717482602,-1.14898915434739,0.891303032332944,-0.25768612201445,-96.7284036046167,-6.72840360461667,-6.47071748260223,9.47071748260223
16,3252.46868016499,-55.6666666666667,11.7152681661296,141.135709790947,-16.9431670965126,116.584149664354,-1.09560855449296,0.889286911561221,-0.206321642931739,-96.7904713072857,-6.79047130728573,-6.58414966435399,9.58414966435399
17,3294.49101715494,-55.0833333333333,11.6727810757921,140.624783905044,-16.9080281867357,116.695653755085,-1.04053222145885,0.887382679266696,-0.153149542192156,-96.8488032972773,-6.84880329727726,-6.6956537550851,9.6956537550851
18,3336.32435820438,-54.5,11.6330413715258,140.110414757472,-16.8714369585834,116.805252525064,-0.983889515701029,0.885593471796562,-0.0982960439044671,-96.9035485689683,-6.90354856896832,-6.80525252506385,9.80525252506385
19,3377.95655143614,-53.9166666666667,11.5959081186752,139.592637613496,-16.8332837749652,116.912968384752,-0.925697467468158,0.883922208783832,-0.0417752586843264,-96.9547436434363,-6.95474364343629,-6.91296838475196,9.91296838475196
20,3419.37561028593,-53.3333333333333,11.56124654511,139.071493306474,-16.7934678704438,117.018823393233,-0.866217053534108,0.882371557626097,0.0161545040919894,-97.0026688891406,-7.00266888914064,-7.01882339323262,10.0188233932326
21,3460.56971954171,-52.75,11.5289277079689,138.547028323115,-16.7518972377366,117.122839267075,-0.805573921694751,0.880943899585035,0.0753699778902841,-97.0474692891847,-7.0474692891847,-7.12283926707498,10.122839267075
22,3501.52724141232,-52.1666666666667,11.4988281799367,138.019294885772,-16.7084885309038,117.225037389554,-0.74389089297279,0.879641297766393,0.135750404793603,-97.0892869847607,-7.08928698476066,-7.22503738955427,10.2250373895543
23,3542.23672161181,-51.5833333333333,11.4708297538058,137.488351031181,-16.6631669828741,117.325438820157,-0.681298579206252,0.878467927963948,0.197169348757696,-97.1282694713992,-7.12826947139921,-7.3254388201569,10.3254388201569
24,3582.68689544637,-51,11.4448191641619,136.954260685044,-16.6158663349643,117.424064304309,-0.617902722168608,0.877427361282576,0.259524639113968,-97.164539665195,-7.16453966519497,-7.42406430430893,10.4240643043089
25,3622.86669389159,-50.4166666666667,11.4206878251106,136.417093731877,-16.5665287760475,117.520934283275,-0.553775079091487,0.876516396028668,0.322741316937181,-97.1981929663375,-7.19819296633754,-7.52093428327473,10.5209342832747
26,3662.76524964829,-49.8333333333333,11.3983315830357,135.876926079534,-16.5151048890276,117.616068904179,-0.489084615714599,0.875735494849757,0.386650879135157,-97.2294180250443,-7.22941802504428,-7.61606890417944,10.6160689041794
27,3702.37190316576,-49.25,11.3776504834534,135.333839717865,-16.461553602275,117.709488030115,-0.423936867331161,0.875116070327443,0.451179202996283,-97.2583088271188,-7.25830882711878,-7.70948803011507,10.7094880301151
28,3741.67620862171,-48.6666666666667,11.3585485510845,134.78792277095,-16.4058421436823,117.801211250296,-0.358432054625682,0.874640377343025,0.516208322717343,-97.2850029275784,-7.28500292757839,-7.80121125029574,10.8012112502957
29,3780.66793984889,-48.0833333333333,11.340933582331,134.239269542376,-16.3479459950028,117.891257890232,-0.292668256047159,0.874295199441338,0.581626943394179,-97.3096309468379,-7.30963094683791,-7.8912578902321,10.8912578902321
30,3819.3370961986,-47.5,11.3247169493977,133.68798055306,-16.2878488441475,117.9796470219,-0.226739390980731,0.874079172078488,0.647339781097756,-97.3323072408019,-7.33230724080194,-7.97964702189969,10.9796470218997
31,3857.67390833197,-46.9166666666667,11.3098134153506,133.134162571108,-16.2255425331295,118.066397473879,-0.160755241484603,0.873990441820253,0.713235200335651,-97.3531622735435,-7.35316227354355,-8.06639747387919,11.0663974738792
32,3895.66884393001,-46.3333333333333,11.2961409594519,132.577928633263,-16.1610269993809,118.15152784145,-0.0947959991049531,0.874026666435744,0.77923066733079,-97.3722971741192,-7.37229717411918,-8.15152784144998,11.15152784145
33,3933.3126133143,-45.75,11.2836206121571,132.019398057478,-16.0943102081939,118.235056496621,-0.0289406568622685,0.874185019036215,0.845244362173947,-97.3898121344475,-7.38981213444752,-8.23505649662147,11.2350564966215
34,3970.59617496995,-45.1666666666667,11.2721762991999,131.458696446201,-16.0254080740977,118.317001598089,0.0367339626203692,0.874469858212158,0.911203820832527,-97.4057977772564,-7.40579777725642,-8.31700159808895,11.317001598089
35,4007.51074096342,-44.5833333333333,11.2617346942303,130.895955679972,-15.954344369043,118.397381101103,0.102155404445624,0.874904854983607,0.977060259429232,-97.4203208416736,-7.42032084167359,-8.39738110110282,11.3973811011028
36,4044.04778224769,-44,11.2522250795064,130.331313900959,-15.8811506153443,118.476212767242,0.167255035448644,0.875469669323034,1.04272470477168,-97.4334880624705,-7.4334880624705,-8.47621276724219,11.4762127672422
37,4080.19903384782,-43.4166666666667,11.2435792141751,129.764915486085,-15.8058659614317,118.553514174085,0.231899791975731,0.876142083699642,1.10804187567537,-97.4454722984099,-7.4454722984099,-8.55351417408527,11.5535141740853
38,4115.95649992019,-42.8333333333333,11.235731209706,129.196911009432,-15.7285370385756,118.629302724771,0.296085989322386,0.876916976998194,1.17300296632058,-97.45629975845,-7.45629975844999,-8.62930272477057,11.6293027247706
39,4151.31245867905,-42.25,11.2286174120746,128.627457193608,-15.649217796881,118.703595657444,0.359757377849582,0.877788848247476,1.23754622609706,-97.466049431347,-7.46604943134702,-8.70359565744408,11.7035956574441
40,4186.25946718415,-41.6666666666667,11.2221762903156,128.056716849824,-15.5679693190024,118.776410054588,0.422860992352864,0.878751847818944,1.30161284017181,-97.4747972144167,-7.47479721441667,-8.77641005458847,11.7764100545885
41,4220.79036598374,-41.0833333333333,11.2163483310925,127.484858806432,-15.4848596102062,118.847762852232,0.485346903263229,0.879810816801549,1.36515772006478,-97.4826051321668,-7.48260513216682,-8.8477628522316,11.8477628522316
42,4254.89828360729,-40.5,11.2110759389562,126.912057825683,-15.3999633635929,118.917670849032,0.547169851376011,0.880996967201795,1.42816681857781,-97.4895040304545,-7.48950403045447,-8.91767084903228,11.9176708490323
43,4288.5766409026,-39.9166666666667,11.2063033419819,126.338494508535,-15.3133616995113,118.986150715241,0.608184575669451,0.882255801694743,1.49044037736419,-97.4957103378773,-7.49571033787726,-8.98615071524145,11.9861507152415
44,4321.8191552123,-39.3333333333333,11.2019765024993,125.76435518733,-15.2251418784266,119.053219001538,0.668445696933609,0.883580380535102,1.55202607746871,-97.5011929240694,-7.50119292406939,-9.0532190015381,12.0532190015381
45,4354.61984438485,-38.75,11.1980430326471,125.189831806175,-15.1353969867449,119.118892147739,0.727916609533891,0.884963608869867,1.61288021840376,-97.5060119293357,-7.50601192933573,-9.11889214773949,12.1188921477395
46,4386.97303061546,-38.1666666666667,11.1944521145004,124.615121788931,-15.0442255953753,119.183186491385,0.786563705266191,0.886398281283989,1.67296198655018,-97.5102245048348,-7.51022450483478,-9.18318649138496,12.183186491385
47,4418.87334411262,-37.5833333333333,11.1911544245401,124.040427894701,-14.9517313910773,119.246118276194,0.844356380249795,0.887899716876874,1.73225609712667,-97.5138621790673,-7.51386217906732,-9.24611827619398,12.246118276194
48,4450.31572658603,-37,11.1881020622418,123.465958060748,-14.8580227809355,119.307703660398,0.901265360394254,0.889463949800607,1.79072931019486,-97.5169743502036,-7.51697435020357,-9.30770366039843,12.3077036603984
49,4481.29543455209,-36.4166666666667,11.1852484825853,122.891925232804,-14.763212470606,119.367958724949,0.957146972593014,0.891063375811921,1.84821034840494,-97.5197483765446,-7.51974837654456,-9.36795872494949,12.3679587249495
50,4511.80804245314,-35.8333333333333,11.1825484322904,122.318547182775,-14.6674170172791,119.4268994816,1.01209199563769,0.892685698708637,1.90477769434632,-97.5221217872533,-7.52212178725328,-9.42689948159961,12.4268994815996
51,4541.84944558706,-35.25,11.1799578896045,121.746046313848,-14.5707563586114,119.48454188086,1.06607910387307,0.894323791351055,1.96040289522413,-97.5241389856362,-7.52413898563617,-9.48454188086029,12.4845418808603
52,4571.4158628439,-34.6666666666667,11.1774340074746,121.174649453072,-14.4733533191874,119.540901819836,1.11909155952888,0.895980763190626,2.0150723227195,-97.5258294971163,-7.52582949711631,-9.54090181983581,12.5409018198358
53,4600.50383924634,-34.0833333333333,11.1749350599504,120.604587631535,-14.3753330963697,119.595995149934,1.17111302501214,0.897667445512268,2.06878047052441,-97.5272146794093,-7.52721467940927,-9.59599514993369,12.5959951499337
54,4629.1102482913,-33.5,11.1724203916743,120.036095852258,-14.2768227276861,119.649837684452,1.22212552584698,0.899350874911828,2.1214764007588,-97.5283612836932,-7.52836128369316,-9.64983768445197,12.649837684452
55,4657.23229408976,-32.9166666666667,11.1698503703229,119.469412846022,-14.1779505421808,119.702445206044,1.27198830459252,0.901027334371488,2.17301563896401,-97.5294295670797,-7.52942956707966,-9.70244520604368,12.7024452060437
56,4684.8675133024,-32.3333333333333,11.1671863418767,118.904780815383,-14.078845598413,119.753833474058,1.32081695095084,0.90269067224846,2.2235076231993,-97.5303258508591,-7.53032585085907,-9.75383347405837,12.7538334740584
57,4712.01377686872,-31.75,11.1643905885996,118.342445167174,-13.9796371120236,119.804018231761,1.36861080695594,0.904338219188236,2.27294902614417,-97.5310692056168,-7.53106920561677,-9.80401823176095,12.8040182317609
58,4738.66929152747,-31.1666666666667,11.1614262896207,117.782654233886,-13.8804538760007,119.853015213427,1.41535254160595,0.905983428420811,2.32133597002676,-97.5316792434003,-7.53167924340033,-9.85301521342708,12.8530152134271
59,4764.83260112634,-30.5833333333333,11.1582574840158,117.225658984358,-13.7814236769512,119.900840151315,1.46103325125108,0.907597644743847,2.36863089599493,-97.5322092553199,-7.53220925531994,-9.90084015131488,12.9008401513149
60,4790.50258771926,-30,11.1548490362967,116.671712724289,-13.6826727108385,119.947508782512,1.50565791825446,0.909176232822468,2.41483415107693,-97.5326746314349,-7.53267463143494,-9.94750878251187,12.9475087825119
61,4815.67847244958,-29.4166666666667,11.1511666042176,116.121070787169,-13.5843250017496,119.993036855656,1.54908229736899,0.910714953089347,2.45979725045834,-97.5332396051981,-7.53323960519808,-9.99303685565641,12.9930368556564
62,4840.35981621767,-28.8333333333333,11.147176608819,115.573990216286,-13.4865018273303,120.037440137532,1.59144189127837,0.912213406146364,2.50365529742473,-97.5337848401072,-7.53378484010724,-10.037440137532,13.037440137532
63,4864.54652013174,-28.25,11.1428462066334,115.03072943856,-13.3893211545582,120.080734419533,1.63273171780707,0.913686961563067,2.54641867937013,-97.5343157401627,-7.53431574016271,-10.0807344195328,13.0807344195328
64,4888.23882574063,-27.6666666666667,11.1381432639799,114.491547931022,-13.2928970895115,120.122935523999,1.67295220520345,0.915112195849644,2.58806440105309,-97.5348711229457,-7.5348711229457,-10.1229355239988,13.1229355239988
65,4911.43731504773,-27.0833333333333,11.1330363332846,113.956705880832,-13.1973393447379,120.164059310417,1.7121037756916,0.916487101408464,2.62859087710006,-97.5354684333172,-7.53546843331716,-10.1640593104172,13.1640593104172
66,4934.14291030518,-26.5,11.1274946313643,113.426463839822,-13.1027527277366,120.204121681489,1.75018434187663,0.91780793595082,2.66799227782745,-97.5361294036619,-7.5361294036619,-10.2041216814894,13.2041216814894
67,4956.35687358766,-25.9166666666667,11.1214880196164,112.901082374612,-13.0092366539276,120.243138589058,1.78707463003848,0.919072872255128,2.7061475022936,-97.5369910867642,-7.53699108676417,-10.2431385890578,13.2431385890578
68,4978.08080614536,-25.3333333333333,11.1149869860632,112.380821713386,-12.9168846873092,120.281126039892,1.82289638127206,0.920299549990182,2.74319593126224,-97.5379301086299,-7.53793010862991,-10.2811260398922,13.2811260398922
69,4999.31664753575,-24.75,11.1079626292001,111.865941390538,-12.8257841117928,120.318100101329,1.85766515792131,0.92147127935074,2.77913643727205,-97.5389636640569,-7.53896366405691,-10.318100101329,13.318100101329
70,5020.06667453394,-24.1666666666667,11.1003866436025,111.356699890367,-12.7360155359587,120.354076906761,1.89137816453743,0.922585208532887,2.81396337307032,-97.5401135336911,-7.54011353369111,-10.3540769067614,13.3540769067614
71,5040.33349982174,-23.5833333333333,11.0922313072485,110.853354291113,-12.647652533701,120.389072660975,1.92404765486364,0.923640852741086,2.84768850760473,-97.5413841533705,-7.54138415337054,-10.3890726609753,13.3890726609753
72,5060.12007045519,-23,11.083469470516,110.356159910594,-12.5607613229267,120.423103645325,1.95566247798662,0.92463804222772,2.88030052021434,-97.5428031251105,-7.54280312511048,-10.4231036453248,13.4231036453248
73,5079.42966611131,-22.4166666666667,11.0740745468188,109.865369954767,-12.4754004841536,120.456186222745,1.9861264071539,0.925582126394459,2.91170853354836,-97.5444776891964,-7.54447768919644,-10.4561862227448,13.4561862227448
74,5098.2658971139,-21.8333333333333,11.0640205048434,109.381235170506,-12.3916207205074,120.488336842592,2.01555890501685,0.926481920909798,2.94204082592665,-97.5462960166651,-7.54629601666511,-10.4883368425918,13.4883368425918
75,5116.63270223945,-21.25,11.0532818623558,108.904003503885,-12.3094646602723,120.519572045309,2.04396237932226,0.927325658540791,2.97128803786305,-97.5482840074462,-7.54828400744616,-10.5195720453092,13.5195720453092
76,5134.53434630337,-20.6666666666667,11.0418336815447,108.43391976523,-12.2289667027857,120.54990846691,2.07135071624184,0.928114084344388,2.99946480058623,-97.5504436663234,-7.55044366632342,-10.5499084669096,13.5499084669096
77,5151.9754175277,-20.0833333333333,11.0296515658709,107.971225302172,-12.150152908114,120.579362843267,2.09773104972602,0.928848143602254,3.02657919332828,-97.5527836499388,-7.55278364993885,-10.5793628432671,13.5793628432671
78,5168.96082469098,-19.5,11.0167116583949,107.516157681836,-12.07304093059,120.607952014212,2.12310168903792,0.929529040499245,3.05263072953717,-97.5553212846751,-7.55532128467513,-10.6079520142123,13.6079520142123
79,5185.49579406152,-18.9166666666667,11.0029906415538,107.068950383283,-11.9976399959441,120.635692927423,2.14737517749696,0.930158518572833,3.07753369606979,-97.5581592313532,-7.55815923135323,-10.635692927423,13.635692927423
80,5201.58586611512,-18.3333333333333,10.9884657383597,106.629832501182,-11.9239509214362,120.662602642102,2.17063526525404,0.930753579497207,3.10138884475124,-97.5612137973506,-7.56121379735059,-10.6626026421018,13.6626026421018
81,5217.23689203868,-17.75,10.9731147149936,106.199028461642,-11.8519661780745,120.688698332432,2.19291515978932,0.931300325673183,3.12421548546251,-97.5644828469692,-7.56448284696921,-10.6886983324317,13.6886983324317
82,5232.45503002103,-17.1666666666667,10.9569158847679,105.776757750976,-11.7816699937198,120.713997290802,2.21422182147977,0.931800210070967,3.14602203155074,-97.5679752592514,-7.5679752592514,-10.7139972908021,13.7139972908021
83,5247.24674133275,-16.5833333333333,10.9398481134299,105.36323465808,-11.7130384956067,120.738516930795,2.23456646863368,0.932254760125601,3.16682122875928,-97.5716957020354,-7.57169570203544,-10.7385169307947,13.7385169307947
84,5261.61878619631,-16,10.9218908257811,104.958668030974,-11.64603989057,120.76227478992,2.25394699478053,0.932665559682993,3.18661255446352,-97.5756622354568,-7.57566223545683,-10.7622747899204,13.7622747899204
85,5275.5782194488,-15.4166666666667,10.9030240135829,104.563261047908,-11.580634681062,120.785288532097,2.27227847211212,0.933033794574061,3.20531226668618,-97.5799762654104,-7.57997626541035,-10.7852885320965,13.7852885320965
86,5289.13238599879,-14.8333333333333,10.883228244723,104.177211003315,-11.516775914861,120.807575949856,2.28967658233783,0.93336088870283,3.22303747104066,-97.584538478815,-7.58453847881498,-10.8075759498556,13.8075759498556
87,5302.2889160796,-14.25,10.8624846736108,103.80070910872,-11.4544094662315,120.829154966273,2.30613536559385,0.933660242409962,3.23979560800381,-97.5893593582689,-7.58935935826892,-10.8291549662727,13.8291549662727
88,5315.05572030106,-13.6666666666667,10.8407750527737,103.433940308624,-11.3934743461789,120.850043636603,2.32167326763342,0.933926726326946,3.25559999396036,-97.5944436426422,-7.59444364264218,-10.8500436366025,13.8500436366025
89,5327.4409845021,-13.0833333333333,10.8180817456222,103.077083111169,-11.333903039363,120.870260149614,2.33629960894301,0.934156869491988,3.270456478435,-97.599803671179,-7.59980367117896,-10.870260149614,13.870260149614
90,5339.4531644065,-12.5,10.7943877403498,102.730309433338,-11.2756218651826,120.889822828611,2.35001360046262,0.934351853343471,3.28436545380609,-97.6054573748052,-7.60545737480517,-10.8898228286113,13.8898228286113
91,5351.10098008439,-11.9166666666667,10.7696766649327,102.393784460226,-11.2185513605238,120.90875013213,2.36272813855874,0.934513839452346,3.29724197801109,-97.6115081541186,-7.6115081541186,-10.9087501321297,13.9087501321297
92,5362.39341022217,-11.3333333333333,10.7439328031936,102.067666517865,-11.1626066816734,120.927060654294,2.37455455605438,0.934643308605854,3.30919786466023,-97.6178627896339,-7.6178627896339,-10.9270606542941,13.9270606542941
93,5373.33968620346,-10.75,10.7171411118879,101.752106958938,-11.1076980229305,120.944773124829,2.38549424130558,0.934740624653961,3.32023486595954,-97.6245382588693,-7.62453825886928,-10.9447731248288,13.9447731248288
94,5383.9492860041,-10.1666666666667,10.6892872387714,101.447250060601,-11.0537310495084,120.961906408706,2.39555485419579,0.934808571527521,3.33036342572331,-97.6315429829823,-7.6315429829823,-10.9619064087056,13.9619064087056
95,5394.2319279042,-9.58333333333334,10.6603575416045,101.15323293357,-11.0006073423952,120.978479505419,2.40474230358095,0.934845892280118,3.33958819586107,-97.6388913095584,-7.63889130955839,-10.9784795054195,13.9784795054195
96,5404.1975640202,-9,10.6303391080451,100.870185441523,-10.9482248529383,120.994511547878,2.41307448802566,0.934870256988111,3.34794474501377,-97.6465668028645,-7.64656680286447,-10.9945115478782,13.9945115478782
97,5413.85637366034,-8.41666666666666,10.5992197763796,100.59823012981,-10.8964783650273,121.010021800895,2.42044697511757,0.934867373466091,3.35531434858366,-97.6547074523115,-7.6547074523115,-11.0100218008952,14.0100218008952
98,5423.21875650679,-7.83333333333333,10.5669881570362,100.337482162405,-10.8452599628719,121.025029659272,2.42696665023203,0.934837099119256,3.36180374935129,-97.6632259099205,-7.6632259099205,-11.0250296592718,14.0250296592718
99,5432.29532562805,-7.25,10.5336336548256,100.088049266006,-10.7944595025011,121.039554645459,2.43264772600949,0.934781138649481,3.36742886465897,-97.6721257808005,-7.67212578080049,-11.0395546454595,14.0395546454595
100,5441.09690032503,-6.66666666666666,10.4991464918444,99.8500316801342,-10.7439650852484,121.053616406788,2.43747973762899,0.934698621597752,3.37217835922674,-97.6814380475612,-7.68143804756123,-11.053616406788,14.053616406788
101,5449.63449881472,-6.08333333333333,10.4635177309784,99.6235221121116,-10.693663531621,121.06723471225,2.44142013395359,0.934591146461459,3.37601128041505,-97.6912234318345,-7.69122343183446,-11.0672347122495,14.0672347122495
102,5457.91933075525,-5.5,10.4267392999358,99.4086056957636,-10.6434408540954,121.080429448827,2.44452450991895,0.93445864936927,3.37898315928822,-97.701446289539,-7.70144628953896,-11.0804294488272,14.0804294488272
103,5465.96278961637,-4.91666666666666,10.3888040157364,99.2053599527282,-10.5931827275099,121.093220617357,2.44671604394256,0.93430082864941,3.38101687259197,-97.7122037447653,-7.71220374476526,-11.0932206173572,14.0932206173572
104,5473.77644489944,-4.33333333333334,10.3497056095809,99.0138547552816,-10.5427749558614,121.105628327915,2.44808330138399,0.934120122826585,3.38220342421057,-97.7234249037044,-7.72342490370441,-11.105628327915,14.105628327915
105,5481.3720342112,-3.75,10.3094387520165,98.8341522896186,-10.4921039344287,121.117672794714,2.44862826272181,0.933915732475428,3.38254399519724,-97.7351287995172,-7.73512879951716,-11.1176727947144,14.1176727947144
106,5488.76145519591,-3.16666666666666,10.2679990783158,98.6663070186069,-10.4410571062628,121.129374330513,2.44835573857173,0.933702796477508,3.38205853504924,-97.7473157954635,-7.74731579546355,-11.1293743305128,14.1293743305128
107,5495.95675733017,-2.58333333333334,10.2253832139764,98.5103656430717,-10.3895234121821,121.140753340512,2.44726943291715,0.933467699900298,3.38073713281744,-97.7600162076945,-7.76001620769451,-11.1407533405119,14.1407533405119
108,5502.97013358537,-2,10.1815888002478,98.3663670607516,-10.337393733501,121.151830315748,2.44537655868329,0.933207631455203,3.37858419013849,-97.7732461256099,-7.77324612560987,-11.1518303157484,14.1518303157484
109,5509.81391196246,-1.41666666666666,10.1366145195869,98.2343423221791,-10.2845613267914,121.162625825966,2.44259338985397,0.932925401238713,3.37551879109268,-97.7871070348731,-7.78710703487312,-11.1626258259658,14.1626258259658
110,5516.50054690431,-0.833333333333329,10.0904601209396,98.1143145827858,-10.2309222500408,121.173160511965,2.43899781718857,0.932621192035309,3.37161900922388,-97.8015415027408,-7.8015415027408,-11.1731605119647,14.1731605119647
111,5523.04261059059,-0.25,10.0431264447411,98.0062990506703,-10.1763757796106,121.183455077424,2.43459667168157,0.932295005804497,3.36689167748607,-97.8165633999376,-7.81656339993756,-11.1834550774236,14.1834550774236
112,5529.45278412077,0.333333333333329,9.99461544752431,97.91030292958,-10.1208248174256,121.19353028019,2.42938736088692,0.93194505567108,3.361332416558,-97.8321978636318,-7.83219786363181,-11.1935302801898,14.1935302801898
113,5535.7438485906,0.916666666666672,9.94493022602243,97.8263253567393,-10.0641762878421,121.203406923035,2.42329659089643,0.931573451536176,3.35487004243261,-97.8485368806028,-7.84853688060275,-11.2034069230354,14.2034069230354
114,5541.92867606791,1.5,9.89407504064692,97.7543573353103,-10.0063415236327,121.21310584388,2.4164048785492,0.931180472232146,3.34758535078135,-97.8655204930988,-7.86552049309876,-11.2131058438801,14.2131058438801
115,5548.02022047358,2.08333333333333,9.84205533822039,97.6943816613935,-9.9472366405091,121.22264790548,2.40862318549573,0.930784586356808,3.33940777185254,-97.8832401336273,-7.88324013362728,-11.2226479054798,14.2226479054798
116,5554.03150837372,2.66666666666667,9.7888777738399,97.6463728455767,-9.88678289956979,121.232053984583,2.40003771948538,0.930370637721615,3.330408357207,-97.9016456273762,-7.90164562737624,-11.2320539845832,14.2320539845832
117,5559.97562968937,3.25,9.73455023174421,97.610297029221,-9.82490705701017,121.241344960561,2.39065209791827,0.929936787331801,3.32058888525007,-97.9207560753105,-7.92075607531049,-11.2413449605606,14.2413449605606
118,5565.8657283301,3.83333333333333,9.67908184505582,97.5861118957529,-9.7615417003738,121.25054170351,2.38046015639827,0.929483462945379,3.30994361934365,-97.9405980841659,-7.94059808416587,-11.2505417035095,14.2505417035095
119,5571.71499275826,4.41666666666667,9.6224830142676,97.5737665773965,-9.69662557055077,121.259665061846,2.36945873523436,0.929011180475342,3.2984699157097,-97.9611951461359,-7.96119514613592,-11.2596650618456,14.2596650618456
120,5577.53664649054,5,9.5647654243417,97.5732015579232,-9.63010386864753,121.268735849386,2.35764429789897,0.928520548283341,3.28616484618231,-97.9825710032034,-7.98257100320339,-11.2687358493857,14.2687358493857
121,5583.34393854403,5.58333333333333,9.50594206028849,97.5843485720814,-9.56192854676683,121.277774831936,2.34494166533021,0.928012270737081,3.27295393606729,-98.0048208958683,-8.00482089586829,-11.2777748319356,14.2777748319356
122,5589.15013383381,6.16666666666667,9.44602722109241,97.6071305025597,-9.49205858163934,121.286802713395,2.33132929693868,0.927489852383607,3.25881914932229,-98.0279835640725,-8.02798356407246,-11.2868027133947,14.2868027133947
123,5594.96850352973,6.75,9.38503653185271,97.6414612754184,-9.42046022995568,121.295840121393,2.31689113540573,0.926973068429733,3.24386420383546,-98.0519759175572,-8.05197591755719,-11.2958401213926,14.2958401213926
124,5600.81231537957,7.33333333333333,9.32298695400749,97.6872457550673,-9.34710726415008,121.304907592474,2.30162961757066,0.926441746976165,3.22807136454683,-98.076836227927,-8.07683622792696,-11.3049075924738,14.3049075924738
125,5606.69482400684,7.91666666666667,9.25989679351183,97.7443796399931,-9.27198118729261,121.31402555685,2.28554266928006,0.925896920650677,3.21143958993074,-98.1025859669196,-8.10258596691961,-11.3140255568503,14.3140255568503
126,5612.62926119078,8.5,9.1957857068428,97.8127493605354,-9.19507142566189,121.323214322744,2.26862812201669,0.925339718104013,3.1939678401207,-98.1292464826231,-8.1292464826231,-11.3232143227438,14.3232143227438
127,5618.62882613691,9.08333333333333,9.13067470470769,97.8922319801367,-9.11637549748889,121.332494060339,2.25078815576747,0.924771362525945,3.17555951829342,-98.1569345420453,-8.15693454204526,-11.3324940603387,14.3324940603387
128,5624.70667574642,9.66666666666667,9.06458615333569,97.9826951015701,-9.03589915629883,121.341884785374,2.23211262338862,0.924193169277308,3.15630579266593,-98.1855789927077,-8.18557899270775,-11.3418847853737,14.3418847853737
129,5630.87591489285,10.25,8.99754377323812,98.0839967797616,-8.95365650722487,121.351406342399,2.21258932696792,0.923620075513201,3.13620940248112,-98.2151969399175,-8.21519693991746,-11.3514063423986,14.3514063423986
130,5637.14958671468,10.8333333333333,8.92957263532784,98.1959854428893,-8.86967009463621,121.361078387726,2.19210142059632,0.923051196808368,3.11515261740469,-98.2459257703213,-8.24592577032125,-11.3610783877259,14.3610783877259
131,5643.54066293274,11.4166666666667,8.86069915429503,98.3184998235132,-8.78397095941314,121.37092037211,2.17075869193706,0.9224767393016,3.09323543123866,-98.2776849408711,-8.2776849408711,-11.3709203721098,14.3709203721098
132,5650.0620342012,12,8.79095107914389,98.4513689015448,-8.6965986642164,121.380951523186,2.14855768987132,0.921898244458589,3.07045593432991,-98.3104955888556,-8.31049558885563,-11.3809515231855,14.3809515231855
133,5656.72650050137,12.5833333333333,8.72035748080258,98.5944118609223,-8.60760128513917,121.391190827707,2.12538571938354,0.921316219508357,3.04670193889189,-98.3444888888151,-8.34448888881514,-11.391190827707,14.391190827707
134,5663.54676158737,13.1666666666667,8.64894873672815,98.7474380618717,-8.51703536820415,121.401657013618,2.10133993785934,0.920732841117619,3.02207277897696,-98.3795842346413,-8.3795842346413,-11.4016570136183,14.4016570136183
135,5670.53540749295,13.75,8.57675651243756,98.9102470306493,-8.42496584927398,121.412368532,2.07641072364067,0.92017144922522,2.99658217286589,-98.4157863591344,-8.41578635913437,-11.4123685320003,14.4123685320003
136,5677.7049091089,14.3333333333333,8.50381373990658,99.0826284686637,-8.33146593608116,121.423343538934,2.05058530294009,0.919616111407195,2.97020141434728,-98.4531421245869,-8.45314212458689,-11.4233435389342,14.4233435389342
137,5685.0676088403,14.9166666666667,8.43015459278966,99.2643622828531,-8.23661695125931,121.434599877324,2.02375516564162,0.919063542710396,2.94281870835201,-98.4917811689722,-8.49178116897218,-11.4345998773242,14.4345998773242
138,5692.63571135325,15.5,8.35581445842568,99.4552186391434,-8.14050813546887,121.446155058725,1.99601498806808,0.91851634337287,2.91453133144095,-98.5316237272836,-8.53162372728359,-11.4461550587245,14.4461550587245
139,5700.42127442046,16.0833333333333,8.28082990660748,99.6549580407639,-8.04323640995572,121.458026245217,1.96724477201994,0.917974981986323,2.88521975400627,-98.5728064912107,-8.57280649121068,-11.4580262452169,14.4580262452169
140,5708.43619987516,16.6666666666667,8.20523865510575,99.8633314331075,-7.94490609816259,121.470230231386,1.93755355282204,0.917455020161259,2.8550085729833,-98.6152216584025,-8.61522165840253,-11.4702302313858,14.4702302313858
141,5716.69222468289,17.25,8.12907953195245,100.08008033672,-7.84562860632766,121.482783426439,1.90692764823322,0.91695414254727,2.82388179078049,-98.6589016356586,-8.65890163565862,-11.4827834264391,14.4827834264391
142,5725.2009121405,17.8333333333333,8.05239243450231,100.304937009881,-7.74552206334747,121.495701836524,1.87536137069331,0.916463060011901,2.79182443070521,-98.7038774058189,-8.70387740581887,-11.4957018365241,14.4957018365241
143,5733.97364321177,18.4166666666667,7.97521828530642,100.537624642076,-7.64471092055447,121.509001047288,1.8428088102235,0.915984058297749,2.75879286852124,-98.7502081787667,-8.75020817876673,-11.509001047288,14.509001047288
144,5743.02160800883,19,7.89759898484644,100.777857579523,-7.54332551244851,121.522696206733,1.80921388325734,0.915517800948592,2.72473168420593,-98.7979645225271,-8.79796452252707,-11.522696206733,14.522696206733
145,5752.35579742866,19.5833333333333,7.81957736119309,101.025341583675,-7.44150157983591,121.536802008417,1.77453447402099,0.91507709597944,2.68961157000043,-98.8471904384163,-8.84719043841628,-11.5368020084167,14.5368020084167
146,5761.98699495348,20.1666666666667,7.7411971166684,101.279774123444,-7.33937975724719,121.551332675047,1.73887577876898,0.914658179438461,2.65353395820744,-98.8977987168398,-8.89779871683979,-11.5513326750472,14.5513326750472
147,5771.92576862394,20.75,7.66250277160585,101.540844701639,-7.23710502693115,121.566301942524,1.70223331729344,0.914255087839555,2.61648840513299,-98.949813537391,-8.94981353739104,-11.566301942524,14.566301942524
148,5782.18246319375,21.3333333333333,7.58353960531833,101.808235215864,-7.13482614214299,121.581723044473,1.66459302408262,0.913868409120121,2.57846143320275,-99.0032616112703,-9.00326161127028,-11.581723044473,14.581723044473
149,5792.76719247406,21.9166666666667,7.50435359439852,102.081620353836,-7.03269502285579,121.597608697325,1.62594200633653,0.913499851505622,2.53944185784216,-99.0581668394828,-9.05816683948279,-11.597608697325,14.597608697325
150,5803.68983187573,22.5,7.4249913484912,102.36066802281,-6.9308661274174,121.613971085985,1.58617550178891,0.913157618117335,2.49933311990625,-99.1146379660786,-9.11463796607862,-11.6139710859849,14.6139710859849
151,5814.96001115743,23.0833333333333,7.34550004369125,102.645039812494,-6.82949580403598,121.630821850139,1.54525736336729,0.912836825424837,2.45809418879213,-99.1727276613464,-9.17272766134644,-11.6308218501386,14.6308218501386
152,5826.58710738702,23.6666666666667,7.26592735373486,102.934391490517,-6.72874162630916,121.648172071241,1.50329916180504,0.912534413246043,2.41583357505108,-99.2323384961901,-9.23233849619011,-11.6481720712412,14.6481720712412
153,5838.5802381234,24.25,7.18632137916457,103.228373529208,-6.62876171730006,121.666032260231,1.46030146325222,0.912251104215455,2.37255256746767,-99.2934796927634,-9.29347969276341,-11.6660322602311,14.6660322602311
154,5850.94825482584,24.8333333333333,7.10673057466113,103.526631662118,-6.52971406689643,121.68441234601,1.41625959946995,0.91198774884981,2.32824734831976,-99.3561649976899,-9.35616499768992,-11.6844123460097,14.6844123460097
155,5863.69973649715,25.4166666666667,7.02720367474679,103.828807468418,-6.43175584737259,121.703321664727,1.37115632785389,0.91174681684253,2.28290314469642,-99.4204185200303,-9.42041852003025,-11.7033216647267,14.7033216647267
156,5876.84298356677,26,6.94778961807486,104.134538982964,-6.33504273219576,121.722768949907,1.32492717039598,0.911525457372524,2.23645262776851,-99.4863163221381,-9.48631632213812,-11.7227689499066,14.7227689499066
157,5890.38601201958,26.5833333333333,6.86853747053032,104.443461329546,-6.23972822316872,121.742762323451,1.27744916005154,0.911322760304238,2.18877192035578,-99.5539904030952,-9.55399040309517,-11.7427623234509,14.7427623234509
158,5904.33654777558,27.1666666666667,6.78949634737415,104.755207374565,-6.14596299098955,121.763309287546,1.22889963483708,0.911139105940701,2.14003874077778,-99.6232705467683,-9.62327054676825,-11.763309287546,14.763309287546
159,5918.70202132524,27.75,6.71071533467158,105.069408398079,-6.05389423422641,121.784416717506,1.17926733531441,0.910974693152507,2.09024202846691,-99.6941746890389,-9.69417468903893,-11.7844167175058,14.7844167175058
160,5933.48956262501,28.3333333333333,6.63224341025,105.385694778967,-5.96366506155158,121.806090855573,1.12854923528969,0.910827753613513,2.0393769889032,-99.76671386667,-9.76671386667,-11.8060908555732,14.8060908555732
161,5948.70599625661,28.9166666666667,6.55412936443703,105.703696690732,-5.87541390185768,121.828337305702,1.07673291074346,0.910695639899044,1.9874285506425,-99.8409087550593,-9.84090875505927,-11.8283373057018,14.8283373057018
162,5964.35783685381,29.5,6.47642172083217,106.023044804287,-5.78927394659538,121.851161029336,1.02379940229921,0.910580442792423,1.93437984509163,-99.9167811842448,-9.91678118424478,-11.8511610293364,14.8511610293364
163,5980.45128479938,30.0833333333333,6.39916865736735,106.343370993945,-5.70537262832616,121.874566342207,0.969565691809947,0.910482333137902,1.88004802494785,-99.9945183172588,-9.99451831725882,-11.8745663422067,14.8745663422067
164,5996.99222219478,30.6666666666667,6.32241792791173,106.664309042735,-5.62383113908155,121.898556912144,0.9142313755004,0.910401075511693,1.82463245101209,-100.073924461132,-10.0739244611321,-11.8985569121442,14.8985569121442
165,6013.98620910454,31.25,6.24621678467511,106.985495343108,-5.54476399167644,121.923135757931,0.857798620847594,0.910336470864632,1.76813509171223,-100.155000666219,-10.1550006662187,-11.923135757931,14.923135757931
166,6031.43848007678,31.8333333333333,6.17061190166155,107.306569589105,-5.46827862663651,121.948305249183,0.800266519078294,0.910283650358522,1.71055016943682,-100.237755079746,-10.2377550797463,-11.9483052491832,14.9483052491832
167,6049.35394094089,32.4166666666667,6.09564929942068,107.627175456077,-5.39447506688224,121.974067107269,0.741637735981334,0.910238855070262,1.6518765910516,-100.322190516217,-10.3221905162169,-11.9740671072686,14.9740671072686
168,6067.73716588292,33,6.02137427133876,107.946961264132,-5.32344562177836,122.000422407256,0.681913826177204,0.91020818386971,1.59212201004691,-100.408300397209,-10.4083003972087,-12.0004224072556,15.0004224072556
169,6086.59239479867,33.5833333333333,5.9478313117046,108.265580621647,-5.25527464160517,122.027371580885,0.620906428770428,0.91019154693881,1.53109797570924,-100.496273605176,-10.4962736051761,-12.0273715808854,15.0273715808854
170,6105.92353092433,34.1666666666667,5.87506404577734,108.582693045298,-5.19003832296151,122.054914420556,0.558799163267599,0.910188399703245,1.46898756297084,-100.585926857585,-10.585926857585,-12.0549144205559,15.0549144205559
171,6125.73413874361,34.75,5.80311516207351,108.897964553301,-5.12780456506781,122.083050084304,0.495620210400105,0.910198602017534,1.40581881241764,-100.677231271887,-10.6772312718866,-12.0830500843043,15.0830500843043
172,6146.02744217026,35.3333333333333,5.73202634708033,109.211068228818,-5.06863287641015,122.111777101769,0.43137841815806,0.910221759434378,1.34160017759244,-100.770176924176,-10.7701769241762,-12.1117771017687,15.1117771017687
173,6166.80632300449,35.9166666666667,5.66183822259032,109.521684750726,-5.01257433067159,122.141093381109,0.366085029269837,0.910257273489829,1.27634230275967,-100.864751078349,-10.8647510783489,-12.1410933811086,15.1410933811086
174,6188.07331966106,36.5,5.59259028583966,109.829502889272,-4.9596715704303,122.170996216859,0.299753025460435,0.910293820224884,1.21004684568532,-100.960949371174,-10.9609493711742,-12.1709962168595,15.1709962168595
175,6209.83062616688,37.0833333333333,5.52432085261911,110.134219964476,-4.90995885667536,122.201482298694,0.232259549515894,0.91033797063636,1.14259752015225,-101.058884778542,-11.058884778542,-12.2014822986942,15.2014822986942
176,6232.08009142538,37.6666666666667,5.45706700351169,110.435542265488,-4.86346216181409,122.232547721061,0.16373405310452,0.910392816393633,1.07412686949815,-101.158420851563,-11.158420851563,-12.2325477210612,15.2325477210612
177,6254.82321874462,38.25,5.39086453339651,110.733185429438,-4.82019930351191,122.264187993666,0.0942130930726669,0.910458196942526,1.00467129001519,-101.259516703651,-11.2595167036506,-12.2641879936658,15.2641879936658
178,6278.06116562602,38.8333333333333,5.32574790434206,111.026874778728,-4.78018011642396,122.296398052762,0.0237369655591548,0.91053342886366,0.934270394422815,-101.362127658339,-11.362127658339,-12.2963980527618,15.2963980527618
179,6301.79474380996,39.4166666666667,5.26175020199656,111.316345616057,-4.74340665865539,122.329172273213,-0.0476688787795804,0.910618570168834,0.862949691389253,-101.466222581824,-11.4662225818235,-12.3291722732128,15.3291722732128
180,6326.02441957467,40,5.19890309556596,111.601343476837,-4.70987344961457,122.362504481286,-0.119976611046223,0.910712865761305,0.790736254715082,-101.571768226571,-11.5717682265708,-12.3625044812859,15.3625044812859
181,6350.75031428439,40.5833333333333,5.13723680145405,111.88162433902,-4.67956773580521,122.396387968137,-0.193273592448532,0.910816122254335,0.717542529805803,-101.678845438331,-11.6788454383312,-12.396387968137,15.396387968137
182,6375.97220518257,41.1666666666667,5.07678005062197,112.156954790671,-4.65246978103952,122.430815503943,-0.267400198037836,0.910927902757673,0.643527704719836,-101.787287799223,-11.7872877992229,-12.4308155039428,15.4308155039428
183,6401.68952642595,41.75,5.01756005970774,112.427112155997,-4.62855317753825,122.465779352638,-0.342318376941757,0.911047698744419,0.568729321802661,-101.897050030835,-11.8970500308355,-12.4657793526382,15.4657793526382
184,6427.90137035493,42.3333333333333,4.9596025059299,112.691884580779,-4.60778517441388,122.501271287212,-0.418004749767285,0.911175313887137,0.493170564119852,-102.008100723092,-12.0081007230923,-12.5012712872122,15.5012712872122
185,6454.60648899585,42.9166666666667,4.90293150578303,112.951071078466,-4.59012702010613,122.537282605517,-0.494401485773283,0.911310022840124,0.41690853706684,-102.12037406845,-12.1203740684504,-12.5372826055173,15.5372826055173
186,6481.80329579035,43.5,4.8475695975166,113.204481538442,-4.57553431544951,122.573804146546,-0.571452803579259,0.911451779333202,0.339998975753944,-102.233805170792,-12.2338051707917,-12.5738041465457,15.5738041465457
187,6509.48986754737,44.0833333333333,4.79353772737348,113.451936698172,-4.56395737419599,122.610826307126,-0.649190257623897,0.911599750844712,0.262409493220816,-102.348416813905,-12.348416813905,-12.6108263071258,15.6108263071258
188,6537.66394661291,44.6666666666667,4.74085523954911,113.693268081133,-4.55534158798734,122.648339058992,-0.727461436141658,0.911753935589621,0.184292499447963,-102.464046559544,-12.4640465595435,-12.6483390589915,15.6483390589915
189,6566.32294325277,45.25,4.68953986981811,113.928317902605,-4.5496277929666,122.686331966178,-0.80620704411164,0.911913517891418,0.105706473779778,-102.580625492398,-12.5806254923985,-12.6863319661783,15.6863319661783
190,6595.46393824377,45.8333333333333,4.63960774276124,114.156938945512,-4.54675263542893,122.724794202699,-0.88536233162778,0.912078415623966,0.0267160839961859,-102.698078118702,-12.6980781187023,-12.7247942026985,15.7247942026985
191,6625.08368566844,46.4166666666667,4.59107337251315,114.378994408589,-4.54664893413854,122.763714570451,-0.964859218696392,0.912247973504533,-0.0526112451918589,-102.816325815643,-12.8163258156427,-12.7637145704508,15.7637145704508
192,6655.17861590874,47,4.54394966693868,114.594357729248,-4.54924603717153,122.803081517317,-1.0446267516534,0.912421878929977,-0.132204872723418,-102.935286390041,-12.9352863900407,-12.8030815173173,15.8030815173173
193,6685.74483883402,47.5833333333333,4.49824793513477,114.802912383534,-4.55447017138127,122.842883155405,-1.12460821747392,0.912599807136143,-0.212008410337774,-103.054891565742,-13.0548915657424,-12.8428831554046,15.8428831554046
194,6716.77814717879,48.1666666666667,4.45397789814456,115.004551665579,-4.56224478282166,122.883107279385,-1.20469579993527,0.91278103189069,-0.29191476804458,-103.175022047429,-13.1750220474294,-12.8831072793849,15.8831072793849
195,6748.27402010559,48.75,4.41114770276096,115.199178448945,-4.57249086669785,122.923741384894,-1.28478258606019,0.912965764308305,-0.371816821751882,-103.295558206646,-13.295558206646,-12.9237413848941,15.9237413848941
196,6780.22762694884,49.3333333333333,4.36976393828864,115.386704932252,-4.58512728564112,122.964772686947,-1.36478005852458,0.913153018091191,-0.451627040433386,-103.416399727381,-13.4163997273807,-12.9647726869473,15.9647726869473
197,6812.63383113509,49.9166666666667,4.32983165612594,115.567052371369,-4.60007107532456,123.00618813833,-1.44459544857703,0.913342654363902,-0.531252794213125,-103.537440932543,-13.5374409325428,-13.0061881383297,16.0061881383297
198,6845.48719427555,50.5,4.29135439202201,115.74015080043,-4.61723773664449,123.047974447927,-1.52412851683461,0.913534456212709,-0.610594060621898,-103.658568508549,-13.6585685085491,-13.0479744479272,16.0479744479272
199,6878.78198042676,51.0833333333333,4.25433419085897,115.905938743848,-4.63654151388645,123.090118098958,-1.60323582236951,0.913727692296577,-0.689508130072936,-103.779626229031,-13.7796262290307,-13.0901180989578,16.0901180989578
200,6912.5121605154,51.6666666666667,4.21877163380441,116.064362921356,-4.65789565847659,123.13260536707,-1.6818215601536,0.913922253720657,-0.767899306432941,-103.900504673503,-13.9005046735034,-13.1326053670705,16.1326053670705
201,6946.67141692319,52.25,4.18466586767637,116.215377948068,-4.68121267808563,123.175422338278,-1.75978462455587,0.914117897641685,-0.845666726914185,-104.021089065192,-14.0210890651921,-13.1754223382779,16.1754223382779
202,6981.25314822823,52.8333333333333,4.15201463636013,116.358946031362,-4.7064045710025,123.218554926691,-1.83700052709076,0.914313951118426,-0.922686575972335,-104.141241502664,-14.1412415026636,-13.2185549266912,16.2185549266912
203,7016.25047409895,53.4166666666667,4.12081431411468,116.495036666339,-4.73338304583008,123.261988892028,-1.91335746233541,0.914510089530374,-0.998847372805032,-104.260836264833,-14.2608362648334,-13.2619888920284,16.2619888920284
204,7051.65624033698,54,4.09105994060609,116.62362633142,-4.76205972667498,123.305709856868,-1.98873445830889,0.914706508002973,-1.07402795030592,-104.379737807174,-14.3797378071738,-13.3057098568678,16.3057098568678
205,7087.46302406563,54.5833333333333,4.06274525750498,116.744698185562,-4.79234634410695,123.349703323622,-2.06286568451872,0.91490239656975,-1.14796328794897,-104.497666611571,-14.4976666115709,-13.3497033236219,16.3497033236219
206,7123.66313906027,55.1666666666667,4.03586274648621,116.858241768428,-4.82415491225241,123.393954691207,-2.13573404203516,0.915097433176139,-1.22063660885903,-104.614591300066,-14.6145913000659,-13.3939546912069,16.3939546912069
207,7160.24864121744,55.75,4.01040366847048,116.964252704713,-4.85739789246247,123.438449271387,-2.20721467870214,0.915291323747995,-1.29192335495415,-104.730372626341,-14.7303726263415,-13.4384492713873,16.4384492713873
208,7197.21133415933,56.3333333333333,3.98635810395021,117.062732413718,-4.89198834405657,123.483172304775,-2.27717351061099,0.915484076960345,-1.36168943365064,-104.844861738425,-14.8448617384255,-13.4831723047749,16.4831723047749
209,7234.54277497043,56.9166666666667,3.96371499424436,117.153687825127,-4.92784006269189,123.528108976464,-2.34548705443789,0.915675269962547,-1.42981178447534,-104.95792076094,-14.9579207609397,-13.5281089764643,16.5281089764643
210,7272.23428006317,57.5,3.9424621835312,117.237131101828,-4.96486770694755,123.57324443129,-2.4120306558151,0.915864467515416,-1.49616618829968,-105.06941061959,-15.0694106195895,-13.5732444312899,16.5732444312899
211,7310.27693116952,58.0833333333333,3.92258646151148,117.313079370523,-5.00298691373802,123.618563788688,-2.47642790440373,0.916049573338257,-1.56037833106548,-105.178942119753,-15.1789421197534,-13.6185637886879,16.6185637886879
212,7348.66158145536,58.6666666666667,3.90407360655937,117.381554460733,-5.04211440318898,123.664052157154,-2.53877089965218,0.916209863821041,-1.62256103583114,-105.286613192985,-15.2866131929851,-13.664052157154,16.664052157154
213,7387.3788617548,59.25,3.88690842922346,117.442582652717,-5.08216807361758,123.709694648283,-2.59893442716159,0.916366621490103,-1.68256780567149,-105.392262453954,-15.3922624539542,-13.7096946482827,16.7096946482827
214,7426.41918692123,59.8333333333333,3.87107481594536,117.496194434752,-5.12306708726028,123.755476390382,-2.65679654473473,0.91651968818062,-1.74027685655411,-105.495753246936,-15.4957532469362,-13.7554763903821,16.7554763903821
215,7465.77276229227,60.4166666666667,3.85655577286938,117.542424270082,-5.16473194738685,123.801382541655,-2.71224541815202,0.916669162132984,-1.79557625601904,-105.596958797674,-15.5969587976738,-13.8013825416548,16.8013825416548
216,7505.4295902656,61,3.84333346962226,117.581310373801,-5.20708456742824,123.84739830294,-2.7651717139585,0.916814648992546,-1.84835706496595,-105.695755367906,-15.6957553679056,-13.8473983029397,16.8473983029397
217,7545.37947698271,61.5833333333333,3.83138928294875,117.612894499845,-5.25004833273035,123.893508930011,-2.81513879278788,0.916955993288961,-1.89818279949891,-105.79169172951,-15.79169172951,-13.8935089300111,16.8935089300111
218,7585.61203911756,62.1666666666667,3.8207038400944,117.637221738201,-5.29354815552635,123.93969974543,-2.86236233227979,0.917093069343895,-1.94526926293589,-105.884969008366,-15.8849690083663,-13.9396997454304,16.9396997454304
219,7626.11671076715,62.75,3.81125706183406,117.654340322364,-5.33751052369734,123.985956149951,-2.90674851967786,0.917225759363353,-1.9895227603145,-105.975478910266,-15.9754789102656,-13.9859561499511,16.9859561499511
220,7666.88275044101,63.3333333333333,3.80302820505065,117.664301447035,-5.38186354386533,124.032263633474,-2.9482143440796,0.917353953096509,-2.0308603909831,-106.063124024457,-16.0631240244574,-14.0322636334743,17.0322636334743
221,7707.8992481465,63.9166666666667,3.7959959047756,117.667159095988,-5.42653697933539,124.078607785558,-2.98669254178467,0.917477547501623,-2.06921499428305,-106.147822779841,-16.1478227798409,-14.0786077855578,17.0786077855578
222,7749.15513256685,64.5,3.79013821560877,117.662969879995,-5.4714622833744,124.124974305479,-3.02211624263562,0.917596446420755,-2.10451979621486,-106.229494101694,-16.2294941016943,-14.1249743054794,17.1249743054794
223,7790.63917832876,65.0833333333334,3.78543265244232,117.651792884646,-5.51657262828415,124.171349011858,-3.05406288275724,0.917700196190995,-2.13636268656625,-106.307711698424,-16.3077116984244,-14.1713490118582,17.1713490118582
224,7832.3400133563,65.6666666666667,3.78185623041938,117.63368952788,-5.56180293069491,124.217717851837,-3.08285495966623,0.917781202619398,-2.16507375704683,-106.382791608884,-16.3827916088841,-14.2177178518373,17.2177178518373
225,7874.24612630801,66.25,3.77938550406478,117.608723426999,-5.60708987347637,124.264066909834,-3.10846607223654,0.91785732718878,-2.19060874504776,-106.454675654882,-16.4546756548819,-14.2640669098341,17.2640669098341
226,7916.34587409361,66.8333333333333,3.77799660553141,117.57696027492,-5.6523719246302,124.310382415862,-3.13088399440216,0.917928575286618,-2.21295541911554,-106.523337834978,-16.523337834978,-14.3103824158624,17.3103824158624
227,7958.62748946712,67.4166666666667,3.77766528191165,117.53846772538,-5.69758935349836,124.356650753434,-3.15009682932357,0.917994955802165,-2.2321018735214,-106.588752626955,-16.5887526269552,-14.3566507534338,17.3566507534338
228,8001.0790886928,68,3.77836693156968,117.493315286816,-5.74268424459283,124.402858467046,-3.16611488606411,0.918056534833483,-2.24805835123063,-106.650916818277,-16.6509168182766,-14.402858467046,17.402858467046
229,8043.6886792804,68.5833333333333,3.78007663945568,117.441574224609,-5.78760050932063,124.448992269265,-3.17857988468564,0.91811364887256,-2.26046623581308,-106.709458505078,-16.7094585050781,-14.448992269265,17.448992269265
230,8086.44416778596,69.1666666666667,3.78276921136896,117.383317471356,-5.832283895851,124.49503904741,-3.18790612596239,0.918166013638839,-2.26974011232355,-106.764779159734,-16.7647791597338,-14.4950390474102,17.4950390474102
231,8129.33336767458,69.75,3.78641920714207,117.318619544854,-5.87668199734506,124.540985869851,-3.19413718005655,0.9182136508489,-2.27592352920765,-106.816909399059,-16.8169093990591,-14.5409858698515,17.5409858698515
232,8172.34400724124,70.3333333333333,3.79100097272322,117.247556473462,-5.92074425873974,124.586819991927,-3.19732642837164,0.918256583688351,-2.27906984468328,-106.86588983661,-16.86588983661,-14.5868199919267,17.5868199919267
233,8215.4637375858,70.9166666666667,3.79648867113904,117.170205728467,-5.96442198225377,124.632528861491,-3.1975356327686,0.918294836513988,-2.27924079625462,-106.911769657746,-16.911769657746,-14.6325288614914,17.6325288614914
234,8258.68014063815,71.5,3.8028563123246,117.086646163145,-6.0076683317601,124.678100124108,-3.19484989532741,0.918323891369467,-2.27652600395795,-106.954626128066,-16.954626128066,-14.6781001241081,17.6781001241081
235,8301.98073722948,72.0833333333333,3.81007778181161,116.996957958143,-6.050438336145,124.723521627888,-3.18901426317601,0.918327740733442,-2.27068652244257,-106.994208150331,-16.994208150331,-14.7235216278884,17.7235216278884
236,8345.35299520543,72.6666666666667,3.81812686827019,116.901222572831,-6.09268889175277,124.768781427996,-3.1804727421497,0.918328504390718,-2.26214423775898,-107.030925665755,-17.0309256657552,-14.7687814279962,17.7687814279962
237,8388.78433757698,73.25,3.82697728990331,116.799522702301,-6.13437876399576,124.813867790824,-3.16932441630252,0.918325488284129,-2.25099892801839,-107.064866718843,-17.0648667188427,-14.8138677908243,17.8138677908243
238,8432.26215070451,73.8333333333333,3.8366027196966,116.691942239641,-6.17546858818848,124.858769197855,-3.15568170672894,0.91831876736475,-2.23736293936419,-107.096132137219,-17.0961321372187,-14.8587691978545,17.8587691978545
239,8475.77379251094,74.4166666666667,3.8469768095297,116.578566243145,-6.21592086964727,124.903474349213,-3.13965130965039,0.918308413050982,-2.22134289659941,-107.124817245812,-17.1248172458122,-14.9034743492128,17.9034743492128
240,8519.30660071904,75,3.85807321315843,116.813703971131,-6.25340193324454,124.94797216693,-3.12136019027481,0.918524631856127,-2.20283555841869,-107.150807725349,-17.1508077253491,-14.9479721669304,17.9479721669304
